{
  "Ford": [
    "F-150",
    "Mustang",
    "Explorer",
    "Bronco"
  ],
  "Chevrolet": [
    "Silverado",
    "Camaro",
    "Equinox",
    "Tahoe"
  ],
  "Toyota": [
    "Camry",
    "Corolla",
    "RAV4",
    "Tacoma"
  ],
  "Honda": [
    "Civic",
    "Accord",
    "CR-V",
    "Pilot"
  ],
  "Hyundai": [
    "Elantra",
    "Sonata",
    "Tucson",
    "Santa Fe"
  ],
  "Tesla": [
    "Model S",
    "Model 3",
    "Model X",
    "Model Y"
  ],
  "BMW": [
    "3 Series",
    "5 Series",
    "X3",
    "X5"
  ],
  "Kia": [
    "Soul",
    "Sportage",
    "Sorento",
    "Telluride"
  ],
  "Rivian": [
    "R1T",
    "R1S"
  ],
  "Lucid": [
    "Air",
    "Gravity"
  ],
  "VinFast": [
    "VF 8",
    "VF 9"
  ]
}