{
  "1980": [
    "Ford",
    "Chevrolet"
  ],
  "1990": [
    "Ford",
    "Chevrolet",
    "Toyota"
  ],
  "2000": [
    "Ford",
    "Chevrolet",
    "Toyota",
    "Honda"
  ],
  "2010": [
    "Ford",
    "Chevrolet",
    "Toyota",
    "Honda",
    "Hyundai"
  ],
  "2015": [
    "Ford",
    "Chevrolet",
    "Toyota",
    "Honda",
    "Hyundai",
    "Tesla"
  ],
  "2020": [
    "Ford",
    "Chevrolet",
    "Toyota",
    "Honda",
    "Hyundai",
    "Tesla",
    "BMW"
  ],
  "2022": [
    "Ford",
    "Chevrolet",
    "Toyota",
    "Honda",
    "Hyundai",
    "Tesla",
    "BMW",
    "Kia"
  ],
  "2023": [
    "Ford",
    "Chevrolet",
    "Toyota",
    "Honda",
    "Hyundai",
    "Tesla",
    "BMW",
    "Kia",
    "Rivian"
  ],
  "2024": [
    "Ford",
    "Chevrolet",
    "Toyota",
    "Honda",
    "Hyundai",
    "Tesla",
    "BMW",
    "Kia",
    "Rivian",
    "Lucid"
  ],
  "2025": [
    "Ford",
    "Chevrolet",
    "Toyota",
    "Honda",
    "Hyundai",
    "Tesla",
    "BMW",
    "Kia",
    "Rivian",
    "Lucid",
    "VinFast"
  ]
}