{
  "hash": "ab587272",
  "configHash": "a153fe31",
  "lockfileHash": "203a59d4",
  "browserHash": "5304c44e",
  "optimized": {
    "@angular/common": {
      "src": "../../../../../../node_modules/@angular/common/fesm2022/common.mjs",
      "file": "@angular_common.js",
      "fileHash": "2e286d8e",
      "needsInterop": false
    },
    "@angular/common/http": {
      "src": "../../../../../../node_modules/@angular/common/fesm2022/http.mjs",
      "file": "@angular_common_http.js",
      "fileHash": "e54a0ab0",
      "needsInterop": false
    },
    "@angular/core": {
      "src": "../../../../../../node_modules/@angular/core/fesm2022/core.mjs",
      "file": "@angular_core.js",
      "fileHash": "eb0c61ca",
      "needsInterop": false
    },
    "@angular/forms": {
      "src": "../../../../../../node_modules/@angular/forms/fesm2022/forms.mjs",
      "file": "@angular_forms.js",
      "fileHash": "76a5baa0",
      "needsInterop": false
    },
    "@angular/platform-browser": {
      "src": "../../../../../../node_modules/@angular/platform-browser/fesm2022/platform-browser.mjs",
      "file": "@angular_platform-browser.js",
      "fileHash": "14acb05c",
      "needsInterop": false
    },
    "@angular/router": {
      "src": "../../../../../../node_modules/@angular/router/fesm2022/router.mjs",
      "file": "@angular_router.js",
      "fileHash": "868b87c6",
      "needsInterop": false
    },
    "rxjs": {
      "src": "../../../../../../node_modules/rxjs/dist/esm5/index.js",
      "file": "rxjs.js",
      "fileHash": "77157ac0",
      "needsInterop": false
    },
    "rxjs/operators": {
      "src": "../../../../../../node_modules/rxjs/dist/esm5/operators/index.js",
      "file": "rxjs_operators.js",
      "fileHash": "327ac391",
      "needsInterop": false
    }
  },
  "chunks": {
    "chunk-ZRT2VBWC": {
      "file": "chunk-ZRT2VBWC.js"
    },
    "chunk-BMYNNXQM": {
      "file": "chunk-BMYNNXQM.js"
    },
    "chunk-NVRT6UA5": {
      "file": "chunk-NVRT6UA5.js"
    },
    "chunk-APPCZKFW": {
      "file": "chunk-APPCZKFW.js"
    },
    "chunk-BLTFCNNC": {
      "file": "chunk-BLTFCNNC.js"
    },
    "chunk-J46EEYGT": {
      "file": "chunk-J46EEYGT.js"
    },
    "chunk-4YCCEXQQ": {
      "file": "chunk-4YCCEXQQ.js"
    },
    "chunk-U7EDC2PH": {
      "file": "chunk-U7EDC2PH.js"
    }
  }
}