{
  "id": "auto",
  "name": "Auto Insurance",
  "steps": [
    {
      "id": "customerInfo",
      "order": 1,
      "route": "customer-info",
      "title": "Customer Info",
      "fields": [
        {
          "id": "firstName",
          "label": "First name",
          "type": "text",
          "validators": {
            "required": true
          },
          "validationMessages": {
            "required": "First name is required"
          },
          "placeholder": "Enter first name"
        },
        {
          "id": "lastName",
          "label": "Last name",
          "type": "text",
          "validators": {
            "required": true
          },
          "validationMessages": {
            "required": "Last name is required"
          },
          "placeholder": "Enter last name"
        },
        {
          "id": "email",
          "label": "Email",
          "type": "text",
          "validators": {
            "required": true,
            "pattern": "^\\S+@\\S+\\.\\S+$"
          },
          "validationMessages": {
            "required": "Email is required",
            "pattern": "Email format is invalid"
          },
          "placeholder": "name@example.com",
          "format": "name@domain.tld",
          "fullWidth": true
        }
      ]
    },
    {
      "id": "coverage",
      "order": 2,
      "route": "coverage",
      "title": "Coverage Details",
      "fields": [
        {
          "id": "vehicleYear",
          "label": "Vehicle Year",
          "type": "select",
          "validators": {
            "required": true
          },
          "optionsResource": "/mock/vehicle-years.json",
          "validationMessages": {
            "required": "Vehicle year is required"
          },
          "placeholder": "Select year"
        },
        {
          "id": "vehicleMake",
          "label": "Make",
          "type": "select",
          "validators": {
            "required": true
          },
          "optionsResource": "/mock/vehicle-makes.json",
          "dependsOn": "vehicleYear",
          "validationMessages": {
            "required": "Vehicle make is required"
          },
          "placeholder": "Select make"
        },
        {
          "id": "vehicleModel",
          "label": "Model",
          "type": "select",
          "validators": {
            "required": true
          },
          "optionsResource": "/mock/vehicle-models.json",
          "dependsOn": "vehicleMake",
          "validationMessages": {
            "required": "Vehicle model is required"
          },
          "placeholder": "Select model"
        }
      ]
    },
    {
      "id": "summary",
      "order": 3,
      "route": "summary",
      "title": "Summary",
      "fields": []
    },
    {
      "id": "quoting",
      "order": 4,
      "route": "quoting",
      "title": "Quoting",
      "fields": []
    },
    {
      "id": "rating",
      "order": 5,
      "route": "rating",
      "title": "Rating",
      "fields": []
    },
    {
      "id": "ratingSummary",
      "order": 6,
      "route": "rating-summary",
      "title": "Rating Summary",
      "fields": []
    },
    {
      "id": "binding",
      "order": 7,
      "route": "binding",
      "title": "Binding",
      "fields": []
    },
    {
      "id": "issuance",
      "order": 8,
      "route": "issuance",
      "title": "Issuance",
      "fields": []
    }
  ]
}
