{
  "id": "home",
  "name": "Home Insurance",
  "steps": [
    {
      "id": "customerInfo",
      "order": 1,
      "route": "customer-info",
      "title": "Customer Info",
      "fields": [
        {
          "id": "firstName",
          "label": "First name",
          "type": "text",
          "validators": {
            "required": true
          },
          "validationMessages": {
            "required": "First name is required"
          },
          "placeholder": "Enter first name"
        },
        {
          "id": "lastName",
          "label": "Last name",
          "type": "text",
          "validators": {
            "required": true
          },
          "validationMessages": {
            "required": "Last name is required"
          },
          "placeholder": "Enter last name"
        },
        {
          "id": "email",
          "label": "Email",
          "type": "text",
          "validators": {
            "required": true,
            "pattern": "^\\S+@\\S+\\.\\S+$"
          },
          "validationMessages": {
            "required": "Email is required",
            "pattern": "Email format is invalid"
          },
          "placeholder": "name@example.com",
          "format": "name@domain.tld",
          "fullWidth": true
        },
        {
          "id": "ssn",
          "label": "SSN",
          "type": "text",
          "validators": {
            "required": true,
            "pattern": "^\\d{3}-\\d{2}-\\d{4}$"
          },
          "validationMessages": {
            "required": "SSN is required",
            "pattern": "SSN must match ###-##-####"
          },
          "asyncValidators": [
            {
              "name": "uniqueSSN",
              "resource": "/mock/taken-ssns.json",
              "message": "SSN already in use"
            }
          ],
          "placeholder": "123-45-6789",
          "format": "###-##-####"
        },
        {
          "id": "ownerType",
          "label": "Owner type",
          "type": "radio",
          "options": [
            "Owner",
            "Tenant"
          ],
          "default": "Owner",
          "validationMessages": {
            "required": "Owner type is required"
          },
          "orientation": "horizontal"
        }
      ]
    },
    {
      "id": "coverage",
      "order": 2,
      "route": "coverage",
      "title": "Coverage Details",
      "fields": [
        {
          "id": "homeValue",
          "label": "Home value",
          "type": "number",
          "validators": {
            "required": true,
            "min": 10000
          },
          "validationMessages": {
            "required": "Home value is required",
            "min": "Home value must be at least 10000"
          },
          "placeholder": "e.g. 250000"
        },
        {
          "id": "state",
          "label": "State",
          "type": "select",
          "optionsResource": "/mock/states.json",
          "placeholder": "Select state"
        },
        {
          "id": "city",
          "label": "City",
          "type": "select",
          "dependsOn": "state",
          "optionsResource": "/mock/cities.json",
          "placeholder": "Select city"
        },
        {
          "id": "deductible",
          "label": "Deductible",
          "type": "select",
          "options": [
            500,
            1000,
            2000
          ],
          "default": 1000,
          "placeholder": "Select deductible"
        }
      ]
    },
    {
      "id": "summary",
      "order": 3,
      "route": "summary",
      "title": "Summary",
      "fields": []
    },
    {
      "id": "quoting",
      "order": 4,
      "route": "quoting",
      "title": "Quoting",
      "fields": []
    },
    {
      "id": "rating",
      "order": 5,
      "route": "rating",
      "title": "Rating",
      "fields": []
    }
  ],
  "conditionalSteps": [
    {
      "id": "tenantDetails",
      "order": 0,
      "route": "tenant-details",
      "title": "Tenant Details",
      "fields": [
        {
          "id": "landlordName",
          "label": "Landlord Name",
          "type": "text",
          "validators": {
            "required": true
          },
          "validationMessages": {
            "required": "Landlord name is required"
          },
          "placeholder": "Enter landlord name"
        },
        {
          "id": "leaseStart",
          "label": "Lease Start Date",
          "type": "text",
          "validators": {
            "required": true
          },
          "validationMessages": {
            "required": "Lease start date is required"
          },
          "placeholder": "YYYY-MM-DD",
          "format": "YYYY-MM-DD"
        },
        {
          "id": "leaseEnd",
          "label": "Lease End Date",
          "type": "text",
          "validators": {
            "required": true
          },
          "validationMessages": {
            "required": "Lease end date is required"
          },
          "placeholder": "YYYY-MM-DD",
          "format": "YYYY-MM-DD"
        }
      ],
      "icon": "bi bi-person",
      "conditional": {
        "control": "ownerType",
        "value": "Tenant",
        "insertAfter": "customerInfo"
      }
    }
  ]
}
